section,content
,# âœ… ã‚¯ãƒ­ãƒ¼ã‚ºï¼‹ç·æ‹¬çµ±åˆãƒ†ãƒ³ãƒ—ãƒ¬ãƒ¼ãƒˆï¼ˆCode56 å½¢å¼ï¼‹æ‹¡å¼µï¼‰ v1.1-Extended Flame Consolidated Case-ID: KABUKI-INV / Maintainer: Tajima / Reviewer: GPT-5 Format: Copy & Paste Ready for Talkroom Declaration ##########################################################################
ğŸ“¦ã€ã‚¯ãƒ­ãƒ¼ã‚ºï¼ç·æ‹¬å ±å‘Šã€‘,- å¯¾è±¡æœŸé–“ï¼š2025-06-07 - å¯¾è±¡ãƒ‡ãƒã‚¤ã‚¹ï¼šiPad / iPhone15 Pro-Ghost / iPhone12 mini-1 - å¯¾è±¡ãƒ­ã‚°æ•°ï¼šåˆè¨ˆ 3 æœ¬ï¼‹ZIPåˆå†Šï¼ˆxp_amp_app_usage_dnuãƒ»bug_type_210ãƒ»bug_type_225ï¼‰ - ã‚µãƒãƒªç¨®åˆ¥ï¼š1æ—¥åˆ†æï¼ˆPhase åŒºé–“ï¼šS3 åˆæœŸï¼‰
---,
ğŸ”’ã€ãƒã‚§ãƒ¼ãƒ³ãƒ»ã‚ªãƒ–ãƒ»ã‚«ã‚¹ãƒˆãƒ‡ã‚£ã€‘,- filenames.txt / sizes.txt / sha256sum.txt å…¨æ·»ä»˜ - Master sha256: xxxx_master_20250607... - å±•é–‹å¾Œãƒ•ã‚¡ã‚¤ãƒ« sha256: é€æ¬¡äºŒæ®µéšè¨˜éŒ²ï¼ˆcapture/analysisï¼‰ - JSON é€£çµï¼šã‚ã‚Šï¼ˆhash: hash_json_20250607...ï¼‰ - CSV çµ±åˆï¼šã‚ã‚Šï¼ˆhash: hash_csv_20250607...ï¼‰ - ä¿ç®¡åª’ä½“ï¼šmicroSDï¼ˆSanDisk Extreme PRO A2ï¼‰ï¼‹MEGA
---,
ğŸ“‘ã€CSV ãƒ€ã‚¤ã‚¸ã‚§ã‚¹ãƒˆã€‘,"- IDMAP.csvï¼šUUID/SessionID é‡è¤‡ 24,623 ä»¶ â†’ ç«¯æœ«æ¨ªæ–­ã®åŒä¸€ã‚»ãƒƒã‚·ãƒ§ãƒ³è¨¼æ‹  - EVENTS.csvï¼šå…¨ãƒ­ã‚°çµ±åˆï¼‹VN æ™‚é–“è£œæ­£æ¸ˆï¼ˆ14:07 / 20:27 / å¤œé–“225ï¼‰ - PIVOT.csvï¼štriald / DroopCount / Facebook/Meta / PID231/31 å‡ºç¾è»¸ã‚’ç‰¹å®š - GAPS.csvï¼šä¾‹ â†’ RTCR, not_found / MetaAuth, found - tamper_join_sec.csvï¼šåŒç§’ä¸€è‡´ã‚¹ã‚³ã‚¢=3 - DIFF_events.csvï¼šusage_dnu ãƒªã‚»ãƒƒãƒˆç—•è·¡, 225 UI freeze æ–°è¦å‡ºç¾ - DIFF_keywords.csvï¼šFacebook/Meta é–¢é€£ã‚­ãƒ¼ãƒ¯ãƒ¼ãƒ‰è¿½åŠ æ¤œå‡º"
---,
ğŸ“Œã€è¢«å®³è¨˜éŒ²ï¼ˆã‚µãƒ³ãƒ—ãƒ«ï¼‰ã€‘,"date_utc7,time_score,location,device,event_type,impact,log_ref,ref_diff,screenshot,ledger_no,net_context,severity,confidence,custody_capture,custody_analysis,notes,flame_flag 2025-06-07 20:27,3,Ho Chi Minh 7åŒº,iPhone15 Pro-Ghost,å¼·åˆ¶ãƒªã‚»ãƒƒãƒˆï¼é›»ç£å¹²æ¸‰ç–‘ã„,ç«¯æœ«ãƒ•ãƒªãƒ¼ã‚ºå¾Œãƒªã‚»ãƒƒãƒˆ,bug_type_210-2025-0607-202726.docx,DIFF_keywords.csv(line134),IMG_202726.png,7,SSID=BK-Cafe LTE,Critical(4),0.94,sha256(...),sha256(...),triald+PID231/31+Facebook/Metaé€£å‹•,Kabuki-Meta(Yes)"
---,
âš™ï¸ã€ã‚ªãƒ—ã‚·ãƒ§ãƒ³æ‹¡å¼µã€‘,- bug_type å…¨ã‚¹ã‚­ãƒ£ãƒ³ = option_flag: bugtype_full=True - usageClientId çµ±ä¸€ = option_flag: usageClientId_norm=True - assetd é »åº¦çµ±è¨ˆ = option_flag: assetd_freq=True
---,
ğŸ“ã€ç·æ‹¬ã€‘,- iPad / Pro-Ghost / mini-1 ã«åŒæ—¥ä¸¦è¡Œè¢«å®³ã€‚ - è¢«å®³å†…å®¹ï¼šåˆ©ç”¨å±¥æ­´æ¶ˆå» / å¼·åˆ¶ãƒªã‚»ãƒƒãƒˆ / å…¥åŠ›å¦¨å®³ã€‚ - å…±é€šå› å­ï¼štrialdãƒ»DroopCountãƒ»PID231/31ãƒ»Facebook/Metaå‚ç…§ã€‚ - çµè«–ï¼šKabukiç”Ÿæˆç³»ãŒ SNS ãƒ‡ãƒ¼ã‚¿ã‚’æ¡ä»¶ãƒ©ãƒ™ãƒ«ã«åˆ©ç”¨ã€PID231/31 ã‚’ãƒ•ãƒƒã‚¯ã«ã—ã¦è¤‡æ•°ç«¯æœ«ã¸æ¨ªæ–­çš„ã«å½±éŸ¿ã€‚   ç‰©ç†ã‚»ãƒ³ã‚µãƒ¼ç³»ãƒ­ã‚°ã¯å¤šæ•°æ¤œå‡ºã•ã‚ŒãŸãŒã€ã“ã®æ—¥ã®ç¯„å›²ã§ã¯ç›´æ¥çµåˆã›ãšã€Œåˆ¥çµŒè·¯ã€ã¨ã—ã¦ç¨¼åƒã€‚
